address,weight
0xcfc17e2e89c24a8ccbd84ccf94d4db209ea0eed6,10
0x17d2f2dd213ad0153e77356ff95a26437ea5376a,10
0x60a43df8f1c7a4156081717f1396cb587efb95c4,10
0xb5f64075e1d61e95cd16e17530e808c8078d3e97,10
0x40a563a2429ba87cdd4e92a928626b003236b5e8,10
0xa0524905a6fc38075a54451fc5b4f01fac78fa22,10
0xaa7f9b887e6a6e437649574cabc6a67b03da6b13,10
0x1e168367508db40a0f7d9b3c73b3bcb032eafe45,10
0x302d59d9e312644cba6f570ebcc9714419ad681e,10
0xf879b7f0d4ef130b0e88a98387c422b18af55577,10
0x2e824ba7742a2e0e29ac89114430bb8545d15454,10
0x0a690b298f84d12414f5c8db7de1ece5a4605877,10
0xd3731d7dfe10f3915f5a45fea3b458d18a618365,10
0x1ec629d74f0ed5599932ae35110fad86a95c3117,10
0xfba72b6e17596b2ade2911cbc2c2b01119e7069d,10
0xc3088b463369a5163ec98e5a281972ad18fb7325,10
0x37aa4edf12504daf88eab7811988d63483e78345,10
0x733d0dade1c3163c8e66fec09b36d0cf767de694,10
0x077d66634ce3c203ca0e043b27032c1dc37eeda3,10
0xbaad27a2c85c69434ef6da508fe40f731a41ae38,10
0xa5bbcd506348f40072934e5aca2d138b065baa33,10
0x15dbafbc783fed89a0bbea7626ddfe86fb94f5e8,10
0x804e8b7ef7b89eab94fdd0679d5e935301abc124,10
0x0bfa163ff9674f5e137d5f49cdf28fa7b7c60873,10
0x31d58611e22ef374c1d3dcaec52009b883ca9a31,10
0x92212c4a801db470e5a73d963e4e6b015d25a08f,10
0x3cb3c7750bd379f751813b643f29ffc82758da59,10
0x83ef4dd5027dfb7490e535e9ac2c42771d36b576,10
0x3d47ecd659f2308731a33792761375c1f82f1228,10
0xdde47a1a9fdddbe685f161fda23a312f3b3e6fa8,10
0x71da8d813d3ad7de64c6601758793a54ee0d9577,10
0xc34a7246ecc7c1afb97f1cb02e79eebc043b2c80,10
0xed38cf2ace8d12befe2ecacdd359639b65990b3e,10
0xf5c128ba0ea1236633819b06fc8983234ecc914f,10
0xe5b2655795d71432e3cd246d4e7080e8ac33122d,10
0x3a922b35e95e7970903eb6611c1e5bf277896b9c,10
0xab1328bc5a13cf678c4b2fe358065ae702bf4036,10
0x692833aa60079caf85157e9d5e41b647d86b9e6a,10
0x04207d4004e25ce5bb0417e2dfb9ecf89370cd50,10
0x3401ea5a8d91c5e3944962c0148b08ac4a77f153,10
0x8bca4cdfb1793a9ff24464d17412decd86b80f77,10
0xded62029beafe36763f2a346532eed80860539f0,10
0x7c30355676cd807fcedb57a12201f9500360c3d1,10
0x3a17ef59aa122e02cff4f0b2a74626ae17e2fea2,10
0xdc0a6a168bc8236fec08029303f2fe78d4b42aeb,10
0xc4469b48ca1591b96314e820518e7eb9fd339273,10
0x183aea25eddb3542bde29f18e49b276730669de3,10
0x36879545f250d3ea3b37d26fc2bdb3c27f62de90,10
0x0d43536d52289a0249222ab48ee7ce9a5a35361b,10
0xf8878e025b7ecf0c6c37654043173c227a399031,10
0x6332a5beb5b0b38cf1c6b53cb2f4574c60c71d11,10
0xe59dfae49e8876b85f584c04eb5596276cc8d071,10
0xd355f8b99c59d409dc5ed09ca1be45f22690c604,10
0x9dc5e6140a1c30b72e1d2ddf50e260ec4f939c7e,10
0x9c9dc7781053d519326aa7f8e80ae1a1b217a47d,10
0xebefe770b92e228d627058a57298de2a8dcb2053,10
0x9620cf857cd88a93b0145b5f2809441637055a35,10
0xdaf059bdd160b192853d916d5bb3aa6f20713b98,10
0x1a43b912f8a2a128ae19a28540798f9771891f02,10
0x1233f9512241d9b8c529b9e787f9978b0ce1e48e,10
0xad860db677e6cde3794c75aff21be2269a302b98,10
0x8a6ea995b8ce009b04d257b9a1d743916c87e86e,10
0x269faeb4fa16c8b2c831a8e3fb5c51520a920dc4,10
0x69fb9c41581bfeaab7de61f35914e0a0b63c6773,10
0x59699a0e3708b65c60500acdb2974c90c64470ef,10
0x24ffa1514b1111e02ead98db14b7e868f6d37fbd,10
0x28455093b11fba0e4080aaf760b908c44a14f99e,10
0x78d885a7d800d56720e60cb6abd82918c3a0654e,10
0x8ab1aefc1384a0ecbd37f90e5d8c09d56b22433d,10
0x808784309e6e05c5c3f75d14152f83053750f544,10
0xd7074fad70ca1962a1150d6311663f8129876d05,10
0xc380cd3efa09aa2065857ddd58173923c3126979,10
0xd61fce134fbffa98951173b0c5265a5a5bacfcdc,10
0xc0df026d59cf5b2323ee7ea2a2b21bf707afee04,10
0xc8d28b5326bbb33624167184c753d566d64c71d1,10
0x7088e922495e450b4f8719772b30964d693041db,10
0x67a9ebf979b08821fc39c9634497765176001b72,10
0x03b0473b02060840b4a0dd05d2ec27f9169c0873,10
0x1ed605eb88a4b1b17f41edb2ff007f9267705856,10
0xab202767ce75780d1cddf90736f265db572180b0,10
0xd1aec6ac0ac5b08ee2e1d3bbf2f37d1925435e71,10
0xf9e0467c0735b0411e7ca24eced740658c476b29,10
0xabff272c97e01b8e8b0a8330b83098278dae25ff,10
0x57dddb54b11cf49da4129f8f7ab9de32b716878b,10
0x75aeecc66eb2013006406993a39794daec665771,10
0xcacdc844b3f07e10454a133adb37f009ecc2fb8b,10
0xade4612dcac92ae3c342ca1b8de2abafd378c45f,10
0x946f706c80fae57c80b84653e3d0973ca89d2e8a,10
0x3aa6fca5e44e40052bbf4823fcb9e4a585399e90,10
0x2f113f07d4ed9d18cacdbf4f78009bd7c382d129,10
0x4d32dd88b870cb7043e7f175a3f8fae5f8d707ff,10
0x3de76a5aaf0fbd7ca6628c1b41822f6a78d311fb,10
0x6da2b0bf9147cddc8fed1f01837dbc19024207a8,10
0xdafa879f659bba79011130cfa6537ab3e1abdd97,10
0x5beb661277ab2fe63167bf50933be02ddbbd4604,10
0x0e8d060289aad3e3813fea18277be669d67316d3,10
0xa53c1f9fe68a433578a9c5ba486f929e4cf0d852,10
0x3ce65b9a957aad35139baff187bed6adc9ddc33d,10
0xbd8eff3612319987aa591b09591ff74c9045751c,10
0xc9476abf2447df5515d5193ee95d5835d4b13891,10
0xcc9fc78cbf33de3bf28456a5ae462f5df5e837c5,10
0xa30eb1520cfa84f31f2021621d5ae27857d5bbf6,10
0x91a9b4da163a1f248c92dbd262ad3e95e042c87e,10
0x616ed054e0e0fdbfcad3fa2f42daed3d7d4ee448,10
0x5f0dba8799ba591c2e9aba0c7d543fec8d77771b,10
0x9ae8d8ed55aac2edbf8b94c5ed81c69f67e7e906,10
0x409934d58161426314fa1820e05e69a535fae0b4,10
0xa2db86ae173a504e3e0a8d8b845d9bcf2eabacb7,10
0x7d09c980b5f5272685e482cfcbc907fe7f0cbaec,10
0xe44745a797b989182c7d642ef66fcacd7800c7d8,10
0xefbc58c044981ca04496d93b93a5c459464ea256,10
0x117fcec9d79972be01f27a3850fe3321fa8fce6e,10
0x7ee969fa459ace63739b0e28cc04365c65dfc6a0,10
0x164944bb2332b6923e88f991e7c2882c1abac513,10
0xe18ed65a6b0476c8b4db12760276c9088d21a123,10
0x7330a90892efb462281c7c5ce7bb5241b49c6955,10
0x7755fdaf333646e532c69e93828cb700651ba14d,10
0x36ed2d75a82e180e0871456b15c239b73b4ee9f4,10
0xde658b1f27d9459affbeb32250e227940a011853,10
0x88ee0712beec3ca6fe1fc8184d14610de3ad1447,10
0x01fa526704a31ce8b072d3b6619f6be94a0b322d,10
0x269f5361d19ae4ce17cd2637e7283091e625f19b,10
0x148e78be4529b9894ad36c3df9548bbe7b31fc3c,10
0xdac9a095ab6be7339a21a318f9c5b668cf6802c0,10
0x0f4d8b51f3b64471c0a2ebd51993111f88ae9c35,10
0xa4320d25c6ec5a663b54e16bb6dc4af7b7c29b12,10
0xbc1956bbcb1021cdbf25f39b5c5fbdcd14bba4ba,10
0x3406941fc7c70a712d28b71f779c16bd5b198e4b,10
0x91eb22aa1fd53b92685c7065b5766b5b9470b442,10
0x5d26d7e71b6a9a3fc380659a7e46e7f89b780dd6,10
0x5397f638b579de331fe185103e491f379aa6fc29,10
0xc3b8c818379ba5e82a66ae0969146562115918dc,10
0x0da0235a4d2646a5d173b842a8bb2c3be1d1e21a,10
0x45394ff3c6c3442240be68aaf5a852f07e745afd,10
0x03b7b27bed33e29d74a8437d187d961c7be92e3f,10
0x06cc25f8905a49eba6b01df955cccb247856af7b,10
0x704c978d50590b21e4c2f43eb4da24fe61fcd707,10
0x002e0bb3c94ef574344491881e73b2c5235668d9,10
0xab2066bd811a0d2bd66fbaba730826d80bbe397d,10
0x2fc2d5af353ddb5dc764cba8c74b9ed1b59cb2b9,10
0xd393e0cc6f38de98a6caf68643fb9d6acd0d42c2,10
0x00ae58bfbf16260832309e1e71d84fc1b78bd6f5,10
0xc2b3cb204e96270d763c70c75ae1a77c739b0e6d,10
0x0f1abc449672bd3da34f3105ef67c1a963022217,10
0xd359effd108bc3a5bb078c295e24f7eff9e4c126,10
0xe49be34b9670a98336364f2a506b24e3830fd08d,10
0x17c723ebff57103254111ae2528f6a5aa1f85e21,10
0xa32fcc1b3d4e2b597cf626f98228e68b63ef46f0,10
0x3df55017bc4c542e6ee0c0b353db5665e636bcff,10
0xdbe75f8bb971c029bf05727dadfdb43b862d4f83,10
0x5b9845721da7064987cf9fb22fb16c3030c64ebb,10
0x54e6f085c2373f9ca1fc85c995340f2a6ee8f7e5,10
0x0672c5b9bdd5b5c4de0c80a449d2f1b2779455ce,10
0x97e2c06943e98fe2b239ecddad328fcf748ef3cc,10
0x803c9a69267e11d7f9c302984eb99f6deb352300,10
0x0e38d131026e5705014e15cf552fbb38be7aa870,10
0x6574a8d4afca50f3fc927ccbfca13a05b2de328e,10
0xc04fb5cb967c4b96199d6205d915b8cc88fa3445,10
0xe62672bd079450ea341f84efe3f721e333bb5e56,10
0x376ef134fc776a200797b9d03b124e0e9f31715e,10
0xd3ac05b37c0425b5295a3244f317c94dbae53dcf,10
0x1e4a2fe0a097aa7fde97cb72f40360813c74bf76,10
0x4627566fe6504b5b6244f4a9090f15325e20185a,10
0x6c41d49095f839b4e6478a961954f5b172454bc0,10
0xd96948e00a0bab568a92297686a5bfab5fdd45a7,10
0x8c2d1e400793f5ccd59de3701128698b0136129d,10
0xd86b6d93694a9ac3bb5fee7acd6a5d7725454e7f,10
0x76f9edf4160d5cc6e807d6badc7d5eea77c9e146,10
0x2fc7679ad04046b82bf90784c5eb82b3b47724dd,10
0x37eb6fc919ca1e0c3453eee09557a988f0beaf99,10
0xa1eb47e35bff6c7d380d83354267eb93597a6a30,10
0x739a5c8ec88ff4f30630d8673e092ff0dc82ee06,10
0x1d2c998983ada0fca4d50ba7b27ba8a664f65d37,10
0x8e1f8e3e756ef81e2ecc0976138e5aa7ecf7f567,10
0x33585e5f88248c027608ea4e99a08969e75e170e,10
0x43ed68c0df592363ab0f3650901f50d1faedb289,10
0xed4b7c7239a8921b001405cf682fe21eebde12d3,10
0x305ba0e11acaa92627f47e9c4933476fcb41f396,10
0xdbb8fa9cf642870ed71a874739f3221c2e04dcd6,10
0x6e326e4273e67e78c69845c1ad7c9362da1a2b12,10
0x1bc63ff8bc94022b1542082bf9fdb585780c42fd,10
0x1511629aeb31d379f24e71acd920b8bfc5905ac5,10
0xce17f8e09a7adf225c1e01496dd3c173b64c10e0,10
0xee8727b912a6961403dbca75bf51bad1ba7fda59,10
0xee906f02cc5eb381f4642295198e5bbbc6a848c2,10
0x9744e5ac5f9a79b09a7ec3a0ae1e6c5a84cdc2be,10
0xe508b7f535c56cdeb0f01326c10e929e687a38ba,10
0xbd5a0fac5a76bc92fa54a8f88006f93bbf2abfec,10
0x738c581921325e19fd701c983231a4c31c0a90a0,10
0xba764fc3aa1d03967edf9e6414b1796fdc089d5d,10
0x2bb8cffbbeccf4bf54380d19cc42379002267034,10
0x99b1147d7246f7431834c78c545485f715c2b306,10
0x6a993d8129a8455c652e7b8f28fcf118a69ea27f,10
0xcf808496e54174498cd63818c9684ec35e23925e,10
0x314db46711b5f0267ad12dd9bdf5df560ae595f3,10
0x6f5c345e5380d52fa9bfc642eef62caeb7364078,10
0x5c897609217c97552bb3136b84a61612fd977437,10
0x17bd1ca0489062e25247f41c6d6d219c6102496c,10
0x5167f41044f79a711a899badefe667233f1e2582,10
0xe5b3c5d90969dbda18a1176aae4d1a31ef11ccc3,10
0x49b77893a68d709d6a48a6bb0950b4e6f2d7d5fb,10
0xf604ab612206468bf4a6480294ca02b3a24de3f0,10
0x871a48b7ba758e7faaeaf5f8ffe89dfa9747e706,10
0x0c33606bc74e29666ab770c99a8a73e0c0d55285,10
0xb97e067719fb00b40f67e51ed68804bcc4522e94,10
0x0b929d6c320ac06dac5bc2a3b4944a10d63880cc,10
0x00eb562eb5fc2d3ef50a3636def886fb89c6db3b,10
0xe72eb31b59f85b19499a0f3b3260011894fa0d65,10
0xe103a79f40f2a7a328c0f5895926c5220c945f4d,10
0xbac06fa9d26b16a5b096a0c3ff60a6ae4c44034e,10
0x982837edc769a42a424f128a7e8abcbf480b8efd,10
0xc3f06d18cdc87189ddd2faf5b4d0ce701ca0dcfd,10
0xd4410436ff7a9d91832793ce630fcd3cff9c7292,10
0x38f1dfdcaf2f0d70c29d4af6a4aa9e920efe8b18,10
0xdd79a19f4be41d96855c697e551c0990f1a2e78d,10
0xab833e38a35164c9edae07b9747ab6d32434bef1,10
0x78ca601a5c06f608dc381dc70fd28532bc32494a,10
0xd0f952d34f966febf42851b1b03ff95e2a3a7986,10
0xa0305d4959737131dd2d050b44e2737307925bbf,10
0xaa706b7bb8b840c05cf5e2aff84c4ff8f6c90120,10
0x063db26edc69870c44d3b5c685ef15b0a41e9d44,10
0x3e11c0e80a87e8c9fb0853ceb6ad75175c007bc5,10
0x2aa7008863b8677fc0af85fea4d20ed3d9d219aa,10
0x1edbd022f4808770bfddcd5c49b043f1ef649c73,10
0x130611b7aaa41c0eede9b219ea2bed8d40479de9,10
0xfe81b1c4d1dfedebe05a3fb26351f5b8c12d84cd,10
0x614d8685e27716b5743014cbda0498f38f4f9dfb,10
0xd8d8168a8e58ca4fe4e0b5f439686a2c80a2125e,10
0x027d3829eee63d09c2cbbbd1a57f5712ae4bb369,10
0xb5bd94e078371a82093f84e52e67bcaff756a13f,10
0xbdf96f92eb15ef134a7a47bf657686966e22617b,10
0x953505720ea3fa79cb9db430fb594e320f0efa8b,10
0x3d340a0566599a457ef02361330c96f7fb244b1b,10
0xdc49b03f8c565494b3f5608b7b0edb322e0de476,10
0x4ac7580c003cc34a231c5a55f8b78f0cd41dd8aa,10
0x685aea9e5390f7c3b94072bc46c308ba3abbe154,10
0xc671a51f779a47c622f1724ffa551bf8b3479562,10
0xc9ecaff7135d7ab5c5a6024a54ea41256af67a0b,10
0xdfd215f7073515a78f3e57253c8bd80a0331477e,10
0xd28dd2031075d9db716c0c0900980db96e4c05bd,10
0x24448b1ae0ecb2b23aded6a57d560f7555d63294,10
0x7cbe6f55afcdd4316f1c036a814eedd47e8fff11,10
0x150e9bf2644da6f86054cc289c48f5631daee9d5,10
0x92458d6babe63c464fc5369d56b0dab864feabe8,10
0xde1627ccc6b948c73ee68859f79ef516777c2767,10
0x38cf73e098b7544ca118bda19b8c03e14f8f7b95,10
0xac98e22d9b2cff3cb51d1eb30b88622e51592f98,10
0x174c3adcbd51ce5cb3d48308b625ef5285c7e247,10
0x15a913ec286d6eaf8e627226b72e832a50a73c2c,10
0x7f4a0caeb834901d0c217611e1ed332235db7dbf,10
0xb2fa05deed10aefdc36237fca03ece92d530e867,10
0xd91b858661affdce3aac5e719d9d3711e98ee7bb,10
0x386cc58ba3ef0fdd94c15fb97ed0756ebdba3895,10
0x5ccec9f4d4cfd637d75a32f29edefb1037801f7e,10
0xcb8d8849a7e65477dbc321622333deeb33015699,10
0x82791171b1ef7b9f1be610d563ae5f23438252c9,10
0x8ba0cf5e4f2a463aec12eb4f643fe13d5034978d,10
0xce46ffe1e55a5c711a1d8afa51fa7491f393ce1a,10
0x518dcd35f21444f6d1c366fa52ff5b5cc1858fb6,10
0xcc0665fb91b1aab22f976206ee81729da918c2e3,10
0x86ed4abaa430f7c70c3f69eb65e6f2615ad616f1,10
0x35c291a199c03494ad3792fdeef5cfdaf2d393d2,10
0x073014c486bf6d5932389f08ea3779f25148371a,10
0x2df11633fcd026e6d57a29ac401750befef26562,10
0x5eb88888e66ddc560f14f615cacc302c41121577,10
0x689efb8dc4c80f871510af12c22cfae308eb4ee7,10
0xad91992471d34a090dc21c7dc8e7d47a2f0a5251,10
0x7cbaa742f987d1ca04c2affc1253e2a8304ea974,10
0x3e5d946391abf8e95be304d94ca37a940ca5be88,10
0xf6b9c99f5be12e5e2e29d9ee34719a7b19468633,10
0xec9fb313c9ceee78c9cae4966af3422e2a30d0ac,10
0x28f3e402a93f1e1c1f78954b422d037a4ade4c33,10
0x1b68de2dcb39bf02749eeec528473d48f86c5891,10
0x449589252d1c209e1edab5c93dc54f9a2d701c23,10
0x5daff6f8a2030bba883949ffbc3428cce38b986d,10
0x7653eecde90f1ff787cf7afec9fa2c7e15b76487,10
0x63fc745b5309ce72921ed6df48d4eadddeb55f27,10
0x5989f6863818e21149ef4eb37d83cd3f7ad22fe2,10
0x1039db826baaa5206e91a3f4c3aa15b8754d165a,10
0x4b10ca086d9361b24f6cd3dea1626e746d537af9,10
0xf23bab8fdb073fc951b97846e61a484b7eb9172f,10
0x72f13e50f33254f91896326e5228e79c2b14e431,10
0x273fc73e3cf0aaf8cfa9efe941a3d924afd294bf,10
0xae04972b699ba19993a6da24b879e90a52af0dee,10
0x8ff4c02c44b6681fd5f8d55728d82f9e58c7a23f,10
0xd810db01e98ac7541f4a9ba48a22f1d606f69a90,10
0x9df9697202dda079a52084471cdd5facd88aca9d,10
0xd3a12cab67ec14aea1648478746adbf45ce7937b,10
0x07d4942d36b0a441814d0282cf9e31ae4088353e,10
0xda9aeecbcfca3f6618951590a5d0b3c79848a796,10
0x05ae3adf0457e98bab4e8527c717ad9e69d76f72,10
0xfa76ec1f5ca3f6e85e81b2111bb92b1291c9bf55,10
0x0ce40ba4347005f4ee2517886779b5d74497dd8c,10
0x029584db54cf601c74a322693eab3c0c35a6eb4e,10
0xd5adae24502dd9163852e27b07bb386221eb9f80,10
0x78f8875fe84e9240af110d1167fd5c13d41cad03,10
0x2476a815a638db6cb72580f749a481f07e5b9019,10
0xffcd4b3538e7e9f4f394301b2a35bcb989a77ac3,10
0xe5fc7eb1fb94258cc0499239fedfa5fe70d3a321,10
0x86801440de06433626a26c8ae58edd490d0636fc,10
0x643812630dce779516f555ed85d134cd226c7a53,10
0x0c15f00754f78cd4c5102c886f9d79652f92032d,10
0x88f35b894b796e3febbea47d1dd09c6478a7af03,10
0x6f4681ce0d8ac1c8ccbf9a57d012ffb8cdb3b2db,10
0xe069ae2d0ed6fdf6a738f34556a0c4b9933eb5e8,10
0xa8a8364333df482394669efd76fa897d8b6552cb,10
0x90edba6628c7280ee411dfc143b3440a78ece16d,10
0xb7b26f76f3df30df27fb132b809debd889e31f86,10
0x1923de16e16ac5f1d1a600ee83d61846c11634de,10
0xf900aba2fd827ba29a65246032c2400a62037e06,10
0xbfc5dbd92b02990636867da0010b80d6a1731dc2,10
0xa04a5399bcd02bd635a5952f7fe91ec6cd376ffa,10
0xcb690c5383c60fcbe0176ab8df31d9729b949d20,10
0x8736a0845e6e33553a91481f8d2fd73e2de7f4d7,10
0xd7d47eb1f27fd0bd2a49f14e6b86319291c31899,10
0xc9ce115c4f7a09e15ae18ed02a17165e85916c4e,10
0x27a00d7917acb5eabffee24761baa090c5b2d21c,10
0xbc40eaadebe73101400e9d5f467a2dcd4c57d8d0,10
0x0c89378fa4b86b16ede6105533334e52cbd36fd7,10
0x8cde9a961c57b22edfa15eaee3a09eca20af9c7f,10
0xaa5c10ab6050b90ed651dd91bb3c6216e0401b95,10
0x7d42316b1083108f65888b493b23dab6afbcc442,10
0x3c6e61af7e65f2b1ca5a7d3826f5ae3d633427cd,10
0x10c3218b9426be899eca7b825c83084bb0502200,10
0x0423cb4c92f4c0600d5d81b49a5c4d465c379792,10
0x0e91ce93772ae5a057bbbcb47a20e929980091c5,10
0x3eb18413d536d7ab03320300598de457fa078ab2,10
0xf662aad768996ba50faeeac2a4485a82b09548c1,10
0xc50d520bd3eaad59626f6c6d6eef6a0feaedcb78,10
0xcd1693f09a6e2e2dd18d860f2cff2cd775b4ca0e,10
0x45e09354b8e5a3900001e2ac6a6db28f15d28610,10
0x72ee87b7afa862d6541b48eb44d50d6c07f0b26b,10
0x8bace3a49a375027868cdd34e84521eed1f1b01d,10
0x00d0f8c2e9265cde18075c47212d932d1467ee06,10
0xb68ecbfa8ff9bc00ca5f5683fc45739a17a0ec3b,10
0x6264cdb4ecc37b1d57ae1c6f35b34f3ddf6640ca,10
0x1ab63a01f3d203f3e11a8701e9ed8831e319b807,10
0x436ee562343bb313bbb14768366cc1953123e7f5,10
0x2f027263cfe2ccb599531b635d45e1d73d1607d5,10
0xf9af3f9d475f22af660edf4d825f33ef0d398ad6,10
0xfd7468346926dfd154923def5b15642205729c24,10
0xd82a2ef397c8ef656152a8ab65e232b6bc35b94e,10
0x1997721c2f814212a5cab804f85b585d9a2f3293,10
0x0aa4deb753a9dc1d5d5a3d250480f713e297ecc8,10
0x423ceb5507e3701f6809332496a609628572c24c,10
0xee0244b93f4644043a2b25f28ff5baee04b20c9e,10
0x4988d4e1187af1f0acda0e53528b6c6436a79626,10
0x2c10bececf5436f86140019d715a4a6c453c2631,10
0x47e70a105876d3014cd292cc9d6faf6400bb41d1,10
0x43cd5f97a32ae655447c5d70fde2612ed2e492f1,10
0x54b9a3abd3112998d53f2302dc34bee94d96e96f,10
0xf94675667d2b90f17374db5e084942b41868d513,10
0x6a89c1e66936b7036dde98b503f6478b7cfcd3c3,10
0xf01258cf9c85d8d31b8bb22b6b5fa72816d50b8d,10
0x967ee5faa6344323c2898a657a56118b50a45163,10
0xfd1ffeae1cfc72a1a44a0ac2ed53d4b7610bdabd,10
0xee22e4beea1d6081c57300878e762e52435d586a,10
0x5793c8a954cf4ac72d026647280404c64b7d7203,10
0x16a363e2f9654bb312dba727992fefae17443509,10
0xf04d9cf875ea5e1cb023c60be910a9942250cf63,10
0xfd657a10909c383aaa6028124d40f636f8c974c0,10
0x475791d8cfca0bb393457c7d5117a6410c21bcca,10
0x21b06f7b765ab4c4dea5582bcdc42738cef498fb,10
0xe9aaee323d0a5e23c19557d7e91c6c0bba8989e1,10
0x9a3ab0b426c9916ca13a5e92ca3f8916d4a82a7f,10
0x3cad3b3ea0034f66692d92cb95ec885d8eea0172,10
0xd52f53730738e26964ac4cb40def118d09b4fa9d,10
0x86801540ad677a15f878837e6eed2fa2377e4f7b,10
0xc1c0e9750fab87ac871ea40d005063f3750fe143,10
0xbbcbe751615c36920bf40d3da9fd758851875c97,10
0x7ece4ea6baf74e3c644b3ed4393ef27eee501c3e,10
0x2bc7f773c05f0fc6e5051875ae7f777b1047ab30,10
0xda82d688f74c0f17c189e9514f468f0af7cecb9e,10
0xa40f2dc675edab6d768a3da2e975a932ddcead7f,10
0xc994f9a0bee7545ccf27f08f944d56207151a52b,10
0xbbeeb5245577465b20b4ec9dab8c08059fe5a470,10
0x680eb4b652466cace75af1cf7b288314db09566a,10
0x15559b9320c682452e081c6c9cec311a64880bfe,10
0xfce0635c2237d513296c58d66b7512916d6c411a,10
0xc12cf2b3bb40dbad2e9daf31f705a79235998099,10
0x261d93e13d115dc4a65e06358e188451621692a3,10
0x56afaee2ec84a6a2c8f6a9fa85b84f5bfe6ebb40,10
0x9ec1cbdc4e573280efb1f74450d4911c4dc30131,10
0x6beb20ed82457f919736801494293e67b0ea3a30,10
0xc36e07305c390d5c67b468e1886d97ad322e3dab,10
0x1e92bb8d69d648fdbfb2422f2ae754f407c884fe,10
0xc6411f690c7b1071c1fe963dc24f750ce2599cea,10
0x8bed9acf62d1a06b6447819b164bbbc84397010e,10
0xbc4e4fd3e7ea826b32f381a9954a440c69163b0d,10
0x29784ad577c9f7c47d84ca6f88308933f954c72a,10
0x225189a1ea477a62fe4d27cf30aca8b9168441d0,10
0x32080938480e0f42a3d77c30a00e080b386e0eec,10
0xa887822ce0204ee47800ed1bd7ad15310b1e4898,10
0x84ca934dd4b0cc5de751a4a6d028aeefabf099db,10
0x33a95a5584d00dd3e55235c0c06af8b7ce729bbf,10
0xe2eb649c6ba5c92413e7f095f699632ebdd1d116,10
0x6a72258968f4647cd0949c856cf8db28bdabe40b,10
0x6111ae4bc081b94a5f0fb88286600bfeac0afbd0,10
0x03359d70acd69afa5c658d108adf260cc040bae8,10
0x69ce955b02490c80570de666889505021b097802,10
0x6d05bf0b1e17424a4afca1be1cf392dcb53a352a,10
0x3b086c3b77a71ab4b117320543062eebe1dc0d8a,10
0x3802362a223562e1d49a44a9e6bccb76f3c9358f,10
0xef7fbf10c1d142bf409d96544711fbf4b29fc05c,10
0x09f1810f2038a38951eb590f2b405571251ac4e6,10
0x8d4bc517372dcd43a2622afae4089b3baba6b24f,10
0x693443353ea0dfc7d44ee5601c0c0fa5f62b952b,10
0xb282e07f51a23bfddcf567a8a99829d393a03723,10
0x4ca6b786b406e9cd072acdacad96c707691fe795,10
0x7747e718cce4053acf2279b80fe899ada3a271bc,10
0x425af4e75785430d78ba5bde5653a27e2bd55a43,10
0x71a0496f59c0e2bb91e48bedd97dc233fe76319f,10
0x557f0ddb805f079ddad6dae301c4765a6890fd43,10
0x0eb9a7ff5cbf719251989caf1599c1270eafb531,10
0xfcca63a787cc32a5d9903c1a7f03748f37fcc750,10
0x1d4666b611e26c44c28c37d719fe6f42324f3bac,10
0x998170ff7cd1a8a75163867c4b902500146a4409,10
0x94a465183ff9a939295d3c8cc09b5ca27a63fb9c,10
0xb89aa638dfb62ab7606511b394be59b9e842f92d,10
0xf983557ec70fbf1a4b1e247af7bf10247e9b69c4,10
0x4a1602758e51f5dcc634970cc6d3233d344433f4,10
0x1f8e698c3179a9b03d94f1a2c36130f0f5d5dbb3,10
0xdfb036eb418cc053fe521c57bc47b2463fc3b65a,10
0x2bc58244833ffed0c90194ecf32d43647e84dc23,10
0x525f18e3adccf79610973d10879d8b1196428a21,10
0xb8a10fd92c87c0cd28c40983e0b0aa39360c7cfd,10
0x75daf71fa1bb17125190a3bdd79b15fb5874bec7,10
0xd2500099294cf1d2e7b11e738015045c9ceccbf2,10
0x20f945a3d7a6a649ec6146b7a561b7174e998243,10
0x90747eb420d553bc5aa5d396a9658be9ae3ad04b,10
0xc693b360e762699b889c144285a5e2109834fff1,10
0x431a65bba459042615fa2f2008772b9f0988a587,10
0xfe8f7b39a8e748a9385e053d6be5ef90e78b17b7,10
0xc06e6371a7416195eab31480e6782a597bffec2c,10
0xc59ce3a73c4a5d2801501bb1e74038b897126672,10
0xff6123b8a47d4ea5b5f6a5b4aece6ed36d89de15,10
0x78ab9e391b849dd1124f151415beb51f479ba20f,10
0x1ff46d17693deb1879cd82c39711a1a79e162072,10
0x8eaeee023680b514f7eaae0ba24d9d069fc127c3,10
0xbf4d79c8d0d5ec07a514f8532b9fdb4849673398,10
0x349d413d027e1d8bf1440a0ba78d920557e0c5d4,10
0x0283c8cdac76cb876b49be3765ec83a66e2a2d82,10
0x8e05bd9fa3059ec69c15bc1a6f4d94f0ac26ce00,10
0x91669d874785bf6f90e017b014c2789bac243862,10
0x88f79f4ab213cb77fc789ae9ba1ea0da604bfe4b,10
0x22c024f8f3652095c89b4086c03af21e86b95074,10
0x56f23967c468d4871925c093dc170efd43ea5d2b,10
0x6a584e0d31798760d4bcb5e833d26e0a70ffcda4,10
0x4b0e62bde2c2dc91722508d0a47990353fab6c9a,10
0xc49617303ae067f7d486acc685183fe060773db9,10
0xb57f5fb5ff3ec0344026613c4380ee7788b8d066,10
0x8e34a124d856c9ece309f308d74805b9bff0233e,10
0x06a0459900f6be7170c029e9364c8a746d8333f1,10
0x78310635b52afee7410e08ec58ef069d66e48d17,10
0xdd5049110587c3b530e538c0cfa7452f12e37836,10
0x258528ff9b10664e95391b496465ef8b7b4160e6,10
0xeda6e34379cbb0bdd0870369029ee60c636359a5,10
0x7f68c05bcba8d81d8309c5d7e390477f3ab7b05f,10
0xb6f0d9ecf29c4feef1c065488131d6256e41f666,10
0xb032a343f2cd3fb9c9dc33695b87037a49423324,10
0x0badf382fd9629774d5f9f6c9db72dc9d478008f,10
0xadf441f4a5f8a50676bb00b81ef5d86cc5e3a777,10
0xf81b8e854e692ee3b2f5b170daadee76e479197a,10
0xd68769b80c65c1689e0a7178c0a1687135f9b6e8,10
0x40b0abc4a76aaa6ef2621a3a0d3b65313ac66ff1,10
0x1f282b56e64eb848daef3b40a56da2b5ae4f51c6,10
0xcca4b90913b2f4566ebba5f7973a9836e815535d,10
0x5f62e55ebbdda966602a2595c1f6abfa4c70aa17,10
0x9372ba90593921e5ff209f46c8767bb8cd368fbf,10
0x13ab18b7242c930ca781aa55692e41a72f66142e,10
0x62b435155e730da0e733d7dbc1441867c7b57222,10
0x97784054bde7d5977e1705c0fed56a886f003de1,10
0xaa28a129631cd8436431dad37147962fe879e1ac,10
0xa8d21323c0605f788e1dec117f65c01d2b251a50,10
0x544470869e3f4c5063f7e39c9c754c78d622b560,10
0x2d72d7b1704c4b636c6cd729c5e4003004ba69f9,10
0x72b0e7efccc1a8724776d83e4f7fb48c733053cf,10
0xf50671011e3a06d9c1bda94a1be959bd9937ede2,10
0x5704fac25761b0a9de37b5e023b3889389dbb1ea,10
0x798bfba2adf27ffb60e9145a6afb5cf16feb9092,10
0x2046c5610459c9c99df28deaa74f4bef33a1b080,10
0x813668237adb4c4997120c743c5cb02fd52c0fa0,10
0x4874f1b70c01fa7adaffa3537ae98383c6b5883c,10
0x190a12b2c5baa1f8eed234873a5b20535ac0e7f7,10
0x96180e8a01eabd57dd6c16a30e2e31b1d9fcb299,10
0x8255bb044ef0cd708d2dcdc1851d8c818a526bff,10
0x32cbaae9292b1658c12d7167ea942e36fa444d29,10
0x891061f7ca2420b34af4c41a9bd4d091ef7ceae4,10
0x6bee4079849e1993bfdab33ee5392ad821798618,10
0x281346c6ad0f947f61211dfa494c2c79e32ee6ff,10
0x4344c2240b8cceb11274c1b7c80d5b3ae3c69d08,10
0x2d12e9e4bc2dd94f43aad81f0041b4ee3f1b3aa1,10
0x378bdc4e54a7670cebe4cb827f818e5060499c84,10
0xbf031cf27378cc417fb51e81aedd88fe0bd4fe30,10
0x4a9bfead307407697af5ef013101b68368434f1a,10
0xb215d3f0db7ae5bdd5c333bfceae29fa9d63998d,10
0xf4727914e10e1dada32fa326186f37f4bc300daf,10
0x79b69ab2abcfc9ea2577e0d672c3786566b780ff,10
0x06bf169b2adb33cb2f08539df15eeb2c88a77828,10
0x2169bbc47899785656692f7370e2841e4d30af2c,10
0xbe762e7448f342bf33e84e4c3402a7c913527b31,10
0x9f7ec72d5c67a0f2b4ef8ad2d3c939bf8f7b5a00,10
0xd5fcc056ec7686da2b2bc66c4c7be91c5f0ff94d,10
0x0ffb437403931133ea4173888c86ee3cc1e81f52,10
0x65754f81ec3419907e04d9d131733ab369e285e2,10
0x17d2fe60912654ae62237fa9f5ddc0c2b2db475e,10
0xb4577411882a00de526a64f784ebb89e19fcf406,10
0xca875ad496a3ef4aaeef8ec0aaa548d1dbe04c37,10
0xec00759fe8ea56f844345bd70e87478b1d3eba6c,10
0x28c9bc6a33fa4ce03fc5d28e7e258d22d662c6b8,10
0xe5c95bfa4981b8c2e0b6c659cf3ff4b27ee61583,10
0xdb51359e69444304c6c6490e9e5d880c7b1e27b6,10
0x433d2232756edde79a186752c2a55c1024d46348,10
0xbadccdec8e4cd6b8e61744fd9a0a1efd1d114cff,10
0x40b5dac8b47ed70b58050150b65d68ba014cc596,10
0x84845f942772986083927016a9ae4a45d16fa1cf,10
0xdda7c282ab17ddd2e87f50d22d9c017e79406c30,10
0x42950b468a3cdbf20226c13a0f7310eabe977b01,10
0xa2531ccd85aa10814bf169eb049adb1d0d883b2f,10
0x727646dcbc60a7c0b38c64c649a3866950443d10,10
0x71483543e5f48a74713f2339185208748aabf3c2,10
0xdad16b4e0c6b2f879070d677e9b963addf429006,10
0x46b642ef058a8930691d8c10ea445dab2a07b415,10
0x5378912a4026bd4c96fd62272d1057e66f9563ec,10
0x9edc8031f414fdaafd4636b4e50dca8127a7dc35,10
0x56d0e8da015c12ef41b3d56cb7c388021923ec13,10
0x26ac836f5c12c25ab72bd9de1fc683f2725cd1eb,10
0x9691c67ef2daf2413968fa476f8b1328bfd2b2e2,10
0x6cae367e2abdd60eb4b88401f1e9df034bf197bc,10
0x94266155c8529581150eb79d8c1e64298002a16d,10
0x9218a58ee6755e18a6beec8ad211b38e546c58c2,10
0x9c8378285515684b584398e7b125cdb4fb8148ce,10
0x6651c8eeded9db57f061b5884c0273ddc72f4bbe,10
0xeb09a1a4d49046fe48b981d111553d5a2b26f074,10
0xb77558b97706a868deab856f5231990f390cc925,10
0xf6d32293c94b61a9d791807f24eb3b7a1165f8b5,10
0xca2fc820ca4a3c73388de44f3051b955c9b8bf13,10
0x4475fd8b910a48409f7ac3e35ece42cbd2c69855,10
0x04f4a5903ac65e9cf9d1aa8f32666e82ae81d1fa,10
0x6f4a1de49ba84c985852c2fbfa29216c08235411,10
0x820e49a8be77d6957ae7328bcac97fc1f670d33c,10
0x58c25bbb799b12f53fc09c1ecd139374fa35b9de,10
0x37e9504b7fb1e90c009a1e34129372f7f14348c7,10
0x9868d24ad27d5bbbc74af8f65dd4e0c626ba1e8e,10
0xcb7f0e6d8e5decaa52211a43712e501e7c70fee1,10
0x9db13f3c09f1e887da8dcecf7ffc8528a33ecb4a,10
0x424cf135d34bbf21e653b7da0807c497f2b89802,10
0x6d84884f3f7cb34fcae7b264bce890112e129089,10
0xf59530f5d511773a5126a2a7927321baad7f7185,10
0xb5216e91f2e324e0e7954d2dcef7b94781fc4875,10
0xa20646db8512ed48522d55f6b8aeebad9bb53ff8,10
0x2263d394559ea8b5a8ff860f62211cfb61a43cd2,10
0x52568bd6c1ff7acfc0052a7a6925b4bd5ccd7a67,10
0x8831d6b62f5695c18d67af408a3bd41150fe711d,10
0xed192d6276fb3d3148d30593e06f88e6165dc272,10
0x968f7fb671f8737738c356060caadb1714e0bfcf,10
0x27324967f9c92d083ce06300e264a1824271cd75,10
0x97a72ea40b103fc2f4899cb6f5cacbd0d0cc7cd4,10
0x2dc41e1b6c9aa875e5afbed273b04a7f0ad4315f,10
0x31cf609a2b29119863e1edbbdc285b6b5d5d4524,10
0xd3202a5c3790f6c9613f7f8b713d6f13ede2719d,10
0xf6b54646fad487e440cd0b9ff90c37004a510d5f,10
0xf7163b363b2b62e48619c6cc786485d845e56ba6,10
0x1473daa8c1baa7d5dc74bc8f9a77c29bb3c23fb7,10
0x8afe971ae2f45430109bb67922f20d5c50d3d3bc,10
0x83ee7c3ac6b9751ec07fcff842e2719735ac448b,10
0x8c9491bd0a4f79afcb2ed73d1fb95ddc98f38fc5,10
0x30cda2a67bc6e655c3020501e3948a8d2e561e93,10
0xad2100365d9a35449716e1441ee105efc34da0f0,10
0x9595f64308482117cca94e97fbeedf910229f47f,10
0x96546711ab7a652575b92a4de784b7379b69c093,10
0x5891a29d745f1e985838ed03cee6f664983fbaf1,10
0x749e9d32419292b58f67c7a4549afdbba5502f35,10
0xac1e4aa148f9cc61bccf64629f11ec786e57ace7,10
0x1287f517191776ae620dd0823f95d52e8179778b,10
0xf7c177e1b97ef128a2dea89fa972e53a2df64820,10
0xa65c38eeb7e3cef6cb724d3999258aaf390f4004,10
0x2660947dcc8a5ab7529bbb7017523a21dbbf4f2f,10
0x91671d0c02c7465b0948e819d2c2d261405301cf,10
0xe46587fb123f5a14e85ea7658c8b7e3a47f16e50,10
0x171a247bec25dfc5daf4d5c58e53920fc42f2638,10
0x33eaf91a656311b65e000b9405a93f9dfe7cb99d,10
0xfadf301193f06e3bf6fe66b089e219e56a050d87,10
0x78c4fcc77f284728a5d8271172bf91ed5de2b9fe,10
0x74b56173788cab6a6340bee221583b98c0ce5125,10
0xa1ac137f8d3dadb1585b57b727080b53891ff2b1,10
0xa7a584f2a440346781c3214134b8c260815a3c6b,10
0xc0175e66a1778d7a023e7e651371722bb2106119,10
0x3d98791390ffd5bd553b7e9a1caa3fb1affc1f02,10
0x21376e2975056ee8fd04f9d4c24a89cbbdb89111,10
0x29f1f5875b0f0067c37b78bfe02ded89aba5d6f2,10
0x44e768b8cb3364b75f5bf183f95270904538c473,10
0xd40a011dd6dd903afa6c19f8513f59b80a5717b2,10
0xa720eecf8960717bb5ee17e87e800b2bf735c6bd,10
0x8878a4474464d4a27940f04b93f88d85150bd0a0,10
0x9fa2ad6eb6a55697fd90f3b908f7cacd5ab2f454,10
0x7322ff77d8196be0e839d007a8d2734c7dfe7d34,10
0xfb5011fac9bd19f5f947372f9663dab54a1da244,10
0xb6361f928ff7c246c422eb9d09dfb3bd7b3e5dac,10
0x4765df6e96aed19241a78cae2f044577b88ab7f5,10
0xde4ea00d7213ef884ab8dd6433507923bca4d9ef,10
0x924e03ab52fdb454e8372bf653059fdc0140b484,10
0x33032f43fffbc05aae735fc242475d231cb62c03,10
0x330d55a7673fce374e52ac142ba7966b95ed7919,10
0x8c837d33b6d29a3af06af12f9ad6c3639f0bb61e,10
0x798ceeaf66f1af90e7fc42d3882aa278bd8fae8a,10
0x3ba9729007e37b2dc2e75bdbadbf1e165d254bf5,10
0x07e9bc92890999ecd5e1d03a7dd6c0c491845c4a,10
0x15be05b13172ce0d3a2fc4bb9bff938486dea777,10
0x53c5b64087515345abd72c32d380c08cbbc203e0,10
0xaa11d258b8888b42aadf6143acc2c05360648e35,10
0x0009947541722950e5b3878491849efcbd113005,10
0xf64f596f30c61b4176f24e5877e69a4d522205a3,10
0xd297aaee079dccb0ad39964a492bf1939fcbef0f,10
0xe45e849b063b7ee205ac8c8e0d8f738aec6d495d,10
0xc83ce97f87a7dfc19390efcbd690103899737a9c,10
0x4412ff9ef9229c6746319d3ded11bc519b5d0ce9,10
0xfb8d046ab3cf87cc8781d44615fe62133a0d8cb3,10
0x864022d5348a9d0a658eb22dceaf4b4dac876b7b,10
0xdc715ad2945d6aa838a43147995aa41238d27f1d,10
0x4f516ac39280db9bae25886d500624ae5bd28a30,10
0x470ffd560587683e4ffabc533a592975e9186145,10
0xc46fef098e4bd83890b0f4496e0967cf5a256421,10
0xf40e4d937a11b1fb6d7a5fd5630c49957110775a,10
0x07a9e684f6960eac2c93e5a41f848a6b7b77ec15,10
0x9720951316fe150649c13f68d2cb3961f0d72bf7,10
0x187e3e770837e9e92247f6f956ed4b5f92260cf7,10
0x2f10a87ce350766ed4cd73e6c2c50a2592df7181,10
0xe68756fe47bb3d1083a2c4f4f10d6811507478e3,10
0x4f975f6dcb93356dd03a67b1c9a28b164873539e,10
0xf2754bd2afcabe5d1daece4276f8b2b2d2450060,10
0x511b3c0f8aea4443c8bf6fc22c8c70d8b2b92420,10
0x56a9009ac25ff0844a7f93a4735764aef8f13794,10
0x45b4cd8c8ee74cc3be34569330028b3facf241be,10
0x2a3422564b02bcd9f82ea0c6d39273baa7b36ca2,10
0x692c5ccd9ea6bed0284ffc5e33d08257d29bb9ee,10
0x52ad9cec900313ae45b96299b5dc8ece9d0feb7d,10
0x139b1ccd043f2c6d7ba94abae5700b20e9ed40d5,10
0x2e6ef0b031e3fd4645b5bdb5cba9ddf8005583d9,10
0xf36972bbff0bb63dbc8f2c8a93625647b32e024b,10
0xb618aacb9dcdc21ca69d310a6fc04674d293a193,10
0x6e25627ae5bc6e0f0aac9da846671bdb9e7f9c0b,10
0xb396f1e4f9265fbafc8967df53d8c00306a8ea00,10
0x85e3161900c806ba36a13d0ffe9492ac412c73fa,10
0x5cf02a5afbfb90ea4ef8b64e2c0d1887fc3ffdcb,10
0xba15743ed85fb0fee0dcf5d351ae7d4440b7f3dd,10
0x3f1e405657440ee582494eddee4d23ad83a227b1,10
0x1b8f04d48567ab20f7dbe3a191cd0d3c2826bf7b,10
0xb3ab3a2f58a7d91fe3dcf9abad53c0dd1603b847,10
0xfa51eb7b51a9ff8fbbac41113b017556fc540152,10
0x56f77f46bd4d202b1ea0e50a55ff079833b5afe9,10
0x43bdf96d09f03ae293e0dee431a1475a27edd78b,10
0x617bc27e56fc89bda67acfa047b0c35154ad0c8b,10
0xd960dea839a2a25a9523d0817fb0b535e9388f76,10
0xb0fbe83543251c1c833a368a51a1bf4a814ca2ca,10
0xc0a72227ef7e67f948293bb806f2c6bad2d856a0,10
0x16a85281e74cd33cdecbe6f742b96fa751db7f98,10
0x92317ff75fc0b2038e3b32f7065d14fa542597b6,10
0xac373c2280238a3ee4ff6cce7c42fbcf766d4fec,10
0x2739413d7cf97c4b01823de7ec72a63e1f6f8ea3,10
0x875b20d529aed5bf62a83d5e6531c3fd7f1dc878,10
0x8b864abefcdfd66592c7f682cee92773d2e13f20,10
0xbc6822c129df193a3f257ce4ef2e75ce1eaa32e4,10
0x9596fde544fa8ff7ca2f7f6a267be022504f9e27,10
0x031f856f95fe0bd938aba4d1be4f28c5cfa5533a,10
0x63244b5f1ebcb999ea012da652dffee6653bf8f5,10
0xf3b0421c6c2fc639fe7a5cd13501d19d99392c89,10
0xef4657c0f32845d8a18178f8c035da3d2229497a,10
0x8c70e3ba3888367fcdae8625f4dfef8d2ba5f58e,10
0x2803ca3ec4d463c59a03a6ec471a6b05e8933377,10
0xa7872b1a59450f066ff3bc433ce6a3f09d5f6ef2,10
0x5b778e560216188a7b575fcd16dcd85bb6c2ba43,10
0xcd8b1569ad5915905d8b7ffbafaec70a4d91171a,10
0x83d24f805312ef820380f5686ff045187b3a6f5c,10
0x550c0d109e2c4684b15264ca562d9b7ab1c6727f,10
0x0ef295326c62b4f206f436b61ebef6acb19b9b58,10
0x4027cdb0502bae14fea8ff50b0ea59d560fc880b,10
0x3908461210b5bf6fd899eb0f9fb2bbca238c2a7b,10
0x8faa70c8726856e513b96e513fff3c84d49886ca,10
0x28bbbfb9cbfd337178e41cd4bc7e7276d7ef4bfa,10
0x28a4c3e332f44dabd826235603cb4b0fd9834e1e,10
0x9ba509c19703e4ed72cd57b19e898d36cb64d543,10
0xf4c4591d5ba50ac51a9d1e592b3b411d12571f56,10
0x1a175556a60c5790a70a223a8ed9c9f08347fc87,10
0xfacb3e3938b555b78071add1756bf541f7f9e845,10
0xe2235cd29d48d7af0b655c36fb352f7a36ecf9d7,10
0x13f160904d9422b2a90944789ef866b72bb1a826,10
0x71bd7d69675418f8b0eeaf5170fb62d6ab2db177,10
0x1cf0df2a5a20cd61d68d4489eebbf85b8d39e18a,10
0x1e8e749b2b578e181ca01962e9448006772b24a2,10
0x8ed288a68d6fda327892101e5e325686840c4253,10
0xe46ec6498b186aaa8c2222c703c463982734d01a,10
0xd5e507581382ad133b233d323b1bf4db3b00628d,10
0xac21e5306f770e6fbd44473669f0cae52d75f889,10
0xe43fddb49011934d557e0b91684e673aaa9fcb03,10
0x5a9ee1297bb41382a9a158ca68eac17db675d956,10
0x8630bdd45dbf48cf553f48f4cfebd98b96916d57,10
0x7829bbc1b2b35cc63730df7c777565b68ff2c971,10
0xca79dda5581e86674f9db41e3cbd8525ba826f77,10
0x2f2fbb55830f6ba341f8b03c3ea67598d1abcbec,10
0xc591674216324dc6f5496be098dfb52b674cbaca,10
0x74b5f34acce3027bccc8f4ae15952d8e3d293159,10
0x072d6a8cdf3fb6cac2c7d461aacd339f0fd86266,10
0x58bc0c9acb025fe20916c15df1f57f06db9c5973,10
0x5306a782ea29517998f7de75058ab36376e64777,10
0x60aabc83756eaecbf084fc87cf9c41d4d1dd037d,10
0xb10ca371b979a41a9b187e324966a2d95a882ef3,10
0x28cc6acaa3e709f1c462dc24a58dcd7d67cda0e6,10
0xc7563d863a74df7ff82ad9fa0680ed5781598f79,10
0x3afb5ffa0332ab83aaad4e226dbedc82d8ca5aa2,10
0x456a55f0a1ed68a9739310584a898f2cf17af853,10
0x863bf6de138cafb03b0e34d52144b448991cfaf2,10
0xc8e245a82b5a1b6bb092bb0a624ae1aaa58fbbf8,10
0xd78fb1b381fc37cef8e2438188f34e274f1ca49c,10
0x6e162965c29172f79cb1f78b059a8f52296fb2b1,10
0x677f01b794374395cb2f4c7d85c49611d920f426,10
0x14038a258235452aa3792fe19ef6c7753947b10f,10
0xee8b7b6ceba16665c159af6c33bfaa6c6fe2453d,10
0x5ffdaf96ebb1d977589f8dc680efe20217d56e4d,10
0xe2cc183ac108c06c8a191fd004b67541f25ae751,10
0x01e4a95bc38f1a6dbc97de52473da04b5b74de94,10
0x62f35addbe2591b4f22b81736d98b66ee1e27f59,10
0xf8c900f6cfd0a141e6aa0b41647bac18eae80e40,10
0x34257b21e5eb076cd93fa74b576a3c4ffda2297a,10
0x1e6a07a0014a113a8f6a458219426ef08680294a,10
0x24c923eb9e5de20ef31de0e726dbce218542c3cf,10
0xbc42dfd0530c9b7507dd6ae6d42a4152bb51e3de,10
0x8b9a7665836a01ff0d0b5aafaaf2c62ff37bd1b7,10
0x902be0b3cd5130fd3a0174692e9ff9c7bc4af471,10
0xd3292d5dc896c50e90f9011787b0ddd12a27b2af,10
0x3dd0c691ddca5888c6c753ba96f2cca774917c41,10
0xf972431a8a6fec4540c229a2fa7c2d5dab59e1fb,10
0x42a40c03906597332314db595acd7f06c7d0537d,10
0xb35e8278246492a49201ab09ba6b99f17337a61c,10
0xc2e2be17dd90fa8bfb034d581641c0582337528b,10
0x9387b831fff13e7fb9c1817b66c48cfeb28ace4b,10
0x51391ba4eeb158c4aaef5ffa4fbf46ca156c314e,10
0x799f59d9cc5477af86126db37787a8b1608122fb,10
0xc6e70f57d78a74578eab5e474609099ac221fa72,10
0x864a4260547bf5c889736bcf42f866e9b26aa109,10
0x5e8383fbaddc179bda408cddc9e3684e5e444bb7,10
0x873aeafb301337ebfcb86b10517ac106c1ff25ce,10
0x3002b155f6de42c95a0cd958d880d269b5327165,10
0x7ca29635fe410bf340c429742a24e7051436adc6,10
0x18c6a47aca1c6a237e53ed2fc3a8fb392c97169b,10
0xa7a0a6a3b71d849b34c63a4b196d027b98b4432f,10
0x3129d5fcaf0e718cd671fa4c21ed92bf92125c7a,10
0x526994880874bd43f5bc7b11cdeb8f73114d902d,10
0xa358832c02b16380f6213d25f4dde99cd678df8d,10
0x82935c7dcfaef856f18885de7c40fcb39a88d1b3,10
0xddcaedfc3f0e5cccf1b192c14c86d100f9274d4b,10
0x1291de4dc76a3d0365093e3f5d79c82416cc5e49,10
0x6d8db5b417b7345fc56a386333a10ca22f076f3d,10
0x1a44460811d30a6cfc01ea1587bee79392005467,10
0x69460f5cf323740554296d7736b3d6ffea7909a4,10
0xf79fbdd18055be9ba070e9db88b80fcbbcb3e5c5,10
0x97b284c094698b9abc0c588a144d929be56646aa,10
0x4b365ae9e27fe465c75c7ff3f2d7d080be44067b,10
0xc5e204f0d9df5866748628b081e4f9f2cd625a82,10
0xa049d88895286b4a72bb8737a7ce8453871d19e6,10
0x839ebfdb540a10d027dfefdd7ba93ff09c768dc3,10
0xad970354eb4129c20db31edf725fe15eaae90177,10
0xe749110cd2c7e741f67c31cbbf5ffe2e22df0886,10
0xc74bc30fe310849e8916dd1302b1d2a3242c07dc,10
0x327d629ed99478c3e3346a321bfb26e7ec1c7a79,10
0x6e02e27f03ae982a3de019bcdb01aef3ca8a91e0,10
0x315d72be6c793ddfb16e0f09672e4b6dbc90d520,10
0x1e9bde883a4d7b3190e529e249b2d12f15f39a9a,10
0x15f001a4e15d5d769bfb3638995ed1f496cf2a79,10
0x5cc4b9dd591dbdaf012a9e948ed3523472e14ac2,10
0x199a932d0a5cf4b76c7de3961bb2f70629fc27d7,10
0x7f4b47665d131e3d21749f38477f478b142147e2,10
0x98695fa1975cd99e12192a2d1f080ed949909f30,10
0xf96afa6004b4541326562a8f1712718e56be8491,10
0x42fba52d1d95f13e01042e93b8d439a96b6f72da,10
0x9013a90d3e3aa8596175f681c6dd085765d2aefd,10
0x6d1d1fbca5a78a51a9ba052fa46c819145c9cd5a,10
0x739b0d312d8e9f2818bf42a4a74e642b98ab946c,10
0xb2df78c8b1a8093c17eec98c1759c76179a8084e,10
0xba3e1e0dc0b38255ef436cec9642136a676c2562,10
0xeaf6dc4509213727bdd310661ef0e88297a9e420,10
0x614c3ce52760343fccb7d908eda39f114620a1e7,10
0x4c4f2f5c25d44502f4a882c31d78090ffb3c330b,10
0xf284ec45002cdd94a8793360bbbf6ff108cf5107,10
0x1908bad9e0e45feda2c9c4bff0adc83e29213615,10
0x975f66185616fa46fa1af544f1f5c5e7c0467964,10
0xe77619707b3111eff7335eee59b20e5db49f8ace,10
0xca21f805693d1b30fa92427c9dd52c0a89b185f2,10
0x889804afa3bbb9f0df963e4ff6fd725cde5f5f76,10
0x4a4f8a2f2d33f46d0b80bebffa5f7c3939410a82,10
0x1b8d7fc8400be4a0255bf8dffbbd004b9121ed6d,10
0x21bbb2e6545db15ebcc7a0ce371bcf216d61fc38,10
0x5ad88da92f5caaab46e1b3639cbfdb089e46bdec,10
0x9b8d7cca75e8d7e3fc5bd549959a0731365aa962,10
0x4a73a4ce2c10a06fca345df1b9f68ebd80443929,10
0x7c2c28bd34b870a6c67b37925c6fc20d62649ff3,10
0x6674e035ef9b2d85ba66c9ba9541194252ca9275,10
0xb859a510d48277ac9f634f5eaacf1e69ba322e32,10
0xffd673d66eedd5f3811221a62aa4c7bf72b04cb9,10
0x0a92f05cfa030d07bbad781eec9d4419c2132fde,10
0x119d5d955cda9f1fccafa61411557afc9827674b,10
0x410973844d864848d5c2b38d06e157071cc25038,10
0x9975d13a8df8fd1842870f768c3e4e605f3f7ea8,10
0x8edaf908d8d5d94845641d054ee0d5a07e138827,10
0x642be7801183553d1a409c66184298a4f243cdc1,10
0x9ef4d98a13f14bd41b892836b565bf483191a768,10
0x1f2d56a8334bfb4b6fe49b316b261d7dd7bbd9d7,10
0xd5d18269fab567a65c1ead2acdc99612b974db25,10
0x198f2dc1783590a953ef24288f3a6c8b7a6f16c9,10
0x763afb0d9192b61332ac1e5e5ff7a7f8d347d11f,10
0xc8ed11490b3f3adbd0c713026fb62fe089669ea8,10
0x0715908276637e0628d4bb42f504124e9d39198d,10
0xfd4775fa7af76c2fc09dba620f3e6b97285f1d78,10
0x0d99462057cf3d24dfcfa6c40dbfe5bacbe7e908,10
0x8483d455384c1c3612390f263c4fc164ab16e815,10
0x8af758d3fd25cdc821baeb8beb3c252066f57b67,10
0x9c0dc6e17a0efdbeccf14753c4fda45f8a71e5c9,10
0x45f83e7519f57187105e5919378dcf5b7c39b346,10
0xea38f2e819bb19502e5eb8365ac096a8fef09436,10
0x981455b901538b54e6bae875c704a75f684a4aeb,10
0x91d4c8280bced721a7a502963078cc334870f7b9,10
0x7cedd9691c55cd2a1fb313bb05eae3206d897949,10
0x4a952b35c75e8dfd726f692bf6d26250a6897770,10
0xab0f527810d2b20273952f38a70821bbb0780aa7,10
0x7b09b08cf05f95bead92f58e91919f19b093d123,10
0xcef50d07c85934c91fc069e9234b7c9c811ddff8,10
0x8ced418678520c85fa382ea72dee9cb68c9dd0b5,10
0xb15891bfd29b584b315742cd9419f1637216b7ac,10
0x0f1719dd458b334bcce05643e9b42923f5d337b8,10
0xb9c7a0c8a77f842a584f71ec85eb8375d0b74934,10
0x8500aeaf480994031c72bb11632bae23c315422e,10
0x0893fcfb16e83c5117b4737a2a7d9253f031d877,10
0x335bd87ffa9821ec7522185938029a522d3ad96a,10
0x84afe327c3dd4f8f75c578c744ade6b7f9b1be66,10
0x96ca9da79634b0e61de9b31d7e2895c42268f88f,10
0x6efc901d4684bcce70f0b99691e7230c82b9dd57,10
0xc836333da53628b1068b7f5b59b7e260949a6b11,10
0xf34b8104b59fcd82e45592e2dd902e7263a1a526,10
0x8b0fd102ffa343915b552e17a68c0844543f0108,10
0xe33089242e3fcc389f1cc505985fd936ddd31146,10
0xc1c0c8af9a48dee3788e7607566743a175da981f,10
0xa82168d1c7266cf67c587ecdf38661409b031d70,10
0xd884f05b82a2999f98269a25d6aad703999fa8f2,10
0x37deec8990b76ecb3be422e8a2ac0123028804b8,10
0x04b6b87bc7f6541309619dfe51c79093939ac17a,10
0x2de68c708cbf99ec25a8617a1ae9d031bb9564ce,10
0x2e843145091658ef73697340232ba8b27530b0a4,10
0x253398091762b13be50fd693c847b15184bb7fe8,10
0x20ac3cbf53483d9ee591c033942d841f78a70ac2,10
0x768a7a1a92128e5b579ec1d68e3c224da27068d7,10
0x81f0eaa576366ecb93de79a05d6050c5e64861f0,10
0xfde3303893bec92621b49cd3b5b559d1566a7f5c,10
0xf924b862f331b4801f4bf0c2bafd4aa5ed599c3b,10
0xb53bf121eb57a4a23675876255867680cf0eb7aa,10
0x5aaf0c6b7ef68e27504e65b2385d2b8a3a262888,10
0x88e3378dfb5463a0d151f802a48a104698e90e3d,10
0x3eec0b92cf857cf69785396c45823bc8f944c2d8,10
0x8a70f1a8a5dfcfa0fdc1c7164a4be1d0ec726d69,10
0xb3d095352b2fab1d83c937c778c1795f8a44cb51,10
0x6ba4c924b16ff884ca4c4360424d291c417f4dbf,10
0xe50b70fb644673c593290f8d76770c9a7163b481,10
0x9269a40b7b4bf9917ddb0bf64ddb65b89140b88e,10
0x2b1974b3b3003285825e6248f7fc74dbda44fd16,10
0xe2b404cbe14d1ed39418a24dceff497f501b1726,10
0x3cf36914ecc5cbb2edd1a51f88a9804f9d410b89,10
0xdf6e87287c96498320ec42a02c57a59c78c5133f,10
0xb70b0f7c0cf1e521bf0c3dffb90f4bd90dc0e92f,10
0x92b7bcf907e8f1f768b635743512f876570b6aee,10
0x55b1625bfe26d15f45a27d4e60a38bd7c57f25d0,10
0xafb5a069a833549163f656557bdca3e37271b619,10
0x6f86551504d2c4667a703eb62f411a242bee24e2,10
0xe540d5144b02952384a8186b10dffb48ff77aee8,10
0xd32f25dfa932b8064a81b8254e7997caebc85f97,10
0x94e72cc3c69b3d08b42d40343208deb9f366df5b,10
0x1f5f0b41de9f12d44657c54055c839446103d25b,10
0x76549a265961b4a324d8982b37bab211b58d9fd9,10
0x651450e1bd566e94532aab1c2f3fdcd59bed7917,10
0x0e674a5ab96e58674f0e5b4107ff6fc453f2e4c5,10
0x6c8a12e4730efe1e4550d2685b23d79785073e8d,10
0x10c0b99dcb6f59251e717669a52c6b305550ee62,10
0xb4fac39ec509ae6cf0a385ed8c9de8f82d4256cb,10
0xe0f42c8009874a2ea547097209e9ccf8a2f7f8c6,10
0x24c34f7ce87695e90deac9420a684cf0322e5c38,10
0xe1f541daee7601ed638765a61f308670cf446d3c,10
0xc772a8c471de1644a127c9a2e31e608083729e86,10
0x1b2e26dc97d6575753bf71f51fdd124544c65387,10
0x6ee3f1e0f6adc85dae508687e563ca39ea01968e,10
0x0653aa8dcb7eab5f99b2be6c87e31e3582f833d4,10
0x202e321ca4b0dda0bec46829d206fea03821661e,10
0xe4d90646ac144368fa93177fb1cccb994045c96b,10
0x0b1bdb5952e99c6126b1735a46bc072143752259,10
0x5595428aa428855215e8cbde21d15500ceb1c882,10
0x4cab68f8b05cde2a1fb74a7dd29adcf33db9077f,10
0x9684bba21a23751b60f306fe53e9c00c1b860587,10
0xb3ac9cb3c93b618f26ef5a5d20ae72d21cbc3b44,10
0xfa4539cdccb632e0f65bf290e0111e6f69576616,10
0xdd4cabbc293fe71858af8e80002707cdbb222abb,10
0xc2ae9ed876ea12dfe1214d60eee3dbe7b07fd4c0,10
0xdb4925b5644b3f1aa0ee4427549281de6f433dbb,10
0x79762562b73be89c1195292898479828a0870cb8,10
0x582b587fc8930188c29389324cf44441225b287a,10
0x40611b5c5de8e937e4df5bef8236791a8f040d7b,10
0x57a9fe0c6ee632a7702a2ae5edc1014e544b7774,10
0x8aa4375a04012b891a325146672b7cebe4fac6af,10
0x7a1aa766b525de63447d7cbbf1e7597fed1fc0d0,10
0x24d31f758198ac77b4a3e12d1b1f650bd78f7092,10
0xbf0cdc84f114c29dccb4b0b5a08710d71bf9d887,10
0x801fd0b95eee58461480857413c76b344835dd5f,10
0xee7a40024639d0dd9f036c78a84794cffe1ef3cd,10
0x56d1c40345727b88bc4ef3db8dd59453e73bcc6f,10
0x4d7f06316b77cadf07324e24ff58ad72f0119159,10
0x1685f9726a6d8a06359339b0e31e8647211e4722,10
0xd6952e241f51b867831d4c64b2e1141720125826,10
0x19aeb6d2cee543876f446513c52e029a5c0ee5ff,10
0xc666a2902aba68e38b1b79da5b6028519405a8a7,10
0x30b83bada3ba28a0277c40dc80f1bf1e38402932,10
0xc963da4622b8cf8352643bd70f2cc9bd6b067392,10
0x44df29ce124093cb5a79eaf8549dbef0b5003f55,10
0x23909319c33407e4d9e7b3555f49e48260494e8b,10
0x2d640a7c7c2a0fc53a852580ce3591244fe7ffca,10
0x1ede01c026eb54f53d381f564fe4a5b4c01f04f7,10
0x03e18db922e40970c3e96a48baed65b8bfd80fcb,10
0xe7488ccdb4d9c6524f8cd44e0f89b60e86cd2d61,10
0x8fe79f9caf95c98522fc140fc3342961677bb4c5,10
0x6666438fa862d28c992610a87dcf65a54d60a001,10
0xbf683b99e507ad60c8ddb4da0eecba21d5ec0de8,10
0xa821af6e983ecf731383da09fcad2e42e3c89023,10
0x532e4aaf873bd9b782041d937310b4a83bd33bea,10
0xd3272969e7a26969d3b45f6112e2c014454b6ecc,10
0x5cd23813c0b24cde7f94dbc8e267546e5824cbf3,10
0x03bd2083ffe1ac9b266dcc73d82240c751e74b1e,10
0x2787d86bb989b53462ebb6eb1161b6b2675dba5b,10
0x6cd01d37e98d5d9e9cfeb8d5874bdc7a8fff31c1,10
0x6fcf29936c865fbd2dd39fa30ff6aa95dce672a7,10
0xe61f6dd7e8ceae9561813c20bce28d7072f55cb8,10
0x58f5ebd155d21117bf15886c822179173295c058,10
0xb456a5570761ed58d179bbbcbd1f78ec6de06085,10
0x7cd1a15ca07e6710f21834e4390fbb5faea66dba,10
0x04e7603bbea06a20581de0f39518bc827d17cf65,10
0x72df04fd78d44604087a031958eaa6d69ec43ad7,10
0x990278324d72f3afb7bba7f0e73d1e880a71f077,10
0x7a6c074d7a20cca8015bdd427a70467bf8880fe5,10
0x6135f35cd0b2cac1cdf6ec633dbbd94c1fd1baab,10
0x9c65cba52ac67b9f30cf317ff7e84aaec376d0a7,10
0x0e7a2284be1e7213a958829a1c268f1b80929307,10
0xe9c3959585b5763e813d6a2765a1612d133f0b00,10
0xe806c2ea4520a83705b2f262d07c4c4927b1edef,10
0xcf7fd2e3203d9761733ec376324928d3ccf901b4,10
0x722eb38ad4e79064e24893b645c5b36f69cb7203,10
0x8399e04e09ff295d4b668ab9cf8229c22b189e41,10
0xe33ca7fe0dd9069a76e1d5f48e41a554396ce790,10
0x9767610f6fa84f2680179ea6b9b4eacc44f8ab87,10
0x182fd5a8a3a6107ff20f86b83b9a2553e3912ba0,10
0xd8f60616dacc96a13a160532b7326c49c8e790a2,10
0x6587bbe061e456127b998ed2b314d653b829d87d,10
0x3ec730fc34d83801082068d26f535ae8ad1ded37,10
0x53c298e7803eb8d7d2acadb54356dea9573a74fd,10
0xa3fb626590ce3c6904a72197e46bb05bedd36ec2,10
0xf68b9f09ac6c220e4db48709af1f319b64590ad0,10
0x4b335d33423e960c2313e8068941e0282917fcd4,10
0xe9a72d03fcac36295e6b8b48ae1ed99dca0f30e9,10
0x79c220ed4a3d5428e282e587e003642cbf82c6bf,10
0x88fd51838bbf442803c0f26da50ca73cc2fa554f,10
0x7155ccc3780e4517d149dd9d6d932ea5219ba9f3,10
0x2cc4cb52ab9b280fad1740067c9f615936e9ae30,10
0xfd2f4e53965c0d5fe48609b0e75f51e6fb22bae5,10
0x435e79235ef5bbd9ecf7d52c71453d99d46de19c,10
0xf7bef1ffe091e3f8f7b2e665837e6ba55b0f2983,10
0xe4bb3d09a874349e3357c3507787d7866e0bbe91,10
0xe7f1dd674f6a68f39792cb239699b8f6dbcf9b23,10
0x0c46feb9583332efffc358625fcdc3ad3f32e95c,10
0xd736ef7f6dd0b34ce4e29fa6ed8f30ed59546f07,10
0xc7fe0827e96a63a5db95043ecd2d371c97cecb32,10
0x3f1a51d9030e2e0e33ab26353064f3821777ea87,10
0xbcafc2e315bf3e02efe46cab575d5842952d2f75,10
0x8c3a6390a1993cbb335ce6e45aca7008be0610cd,10
0xa03325caf401e7af6267cecf58f50ac97d0ce0b4,10
0x1b66952507022c0b4a7b869f23e12d2eaa80496e,10
0xcaa3c37677fd4a5f983189ded6f93e1bf670c3db,10
0x40d3bad97ba12383f0a3daf2933fbdd3995b1702,10
0xa2314fa29d6d6c191c810c3b76c6216c0ef54f57,10
0x586f4e2cafb8bc998863266f01e5bce3c129ae32,10
0xa840cbe63deb3b1cf22721f4d41dd3b9ab19e341,10
0xbdb58221ca257cd2d5335bc4b6d811c1e1b07cf0,10
0x991363983ad5c859d7dccc127ee3dda5f6b5af4d,10
0x4eca6889d9b15da06a4b8de1f8c77bec6288bef9,10
0x5fe0bf2f7780a1e75acadeb25d17d7a81355452d,10
0x91ed5c1836b9f2fbbf1c0579c900b69c2834d51d,10
0x00319296a04b26881158d4dfe19b25de8388e02a,10
0xae728d595d88724d52000bc4a442a521030dee78,10
0x016e749c1c973759ae8e4182e8f658c747d507e0,10
0x1770d07bcf7e1809448aafb2419651f70724cfb9,10
0x1c81a476df50cc0007b10dbf7d670f49dc1564e6,10
0xf499b3f7a9da87bf016b5163743034aee099f6a1,10
0x08ef6385e3d8dceda28b0fd52f72223d6d323210,10
0x6440017ac0a67f527c7304bfb9f960e68e7de6af,10
0x13341758623d7a6de3cb5fef427c1e7e4c80e006,10
0x3d4283f8aac11891fd92af98d82aa221630371eb,10
0x28c0719a45f9e7a35c4dcd845d1a269d0079d781,10
0xf0117a9822fbb42f420b5820a5abff858dcdcb9e,10
0xe537fc8d965f1a36e272d7c419d22b009e58f286,10
0x3ba3b1b6d6708069b1744f2562f088a040027aea,10
0x53f20a91ea7e61b40f74e14ccfb35c1a02857a3c,10
0xe488de3d3c8e613d9d65ccde2b605d7dc7bd760d,10
0x36fef252c32cbfb89cf0f655b388b6f0b3bab0b3,10
0x00fedbf085f54280fd7e34248e074e9eab133bb1,10
0x5483e484b77b2243569305239b35938ca2f9a2b7,10
0x41e959867891dc00dffa1c8e5f7bb50cef8a2c88,10
0x0ad0141248bef872a5ca6e0bf09bbe2840c551f9,10
0xfa6eec8e9520864367b959f05551b26be7218797,10
0x4b04e962bf44fa2bbfd065c44d152f68a9ea9dbb,10
0xc49df92509b54cf0ea018f84c101bb47f28f07a0,10
0xe5cd17bbdb182591c6040fb8202c91fb63c5f338,10
0xd6ee806bc4f6b71de766e761688fc5ade2e0246f,10
0x9e9a6258c968b2eb025861b326cdfc77a82c5cf3,10
0x2cd41049290f16e0c563518747bbea09f3387c47,10
0x88e09a48f36b5e8ee207414a6e27cb8a01e4671f,10
0x3ea9414285e0cd9c57c1294d723eb99d88b1c755,10
0xe1b5d516250b2fc99ccd0e332df54575d0d4574e,10
0x7b0eb7818ac1b57bffe6037505a2693f1613ddef,10
0x5e0a795c97aae41f7e4eb4d35b68a1cc3e9d6d2a,10
0xa0982630c377c4ae216cef2c9da08bc01fa33084,10
0x7fd3172edae5ff4cbc4c69608c6f6da5dc536d60,10
0x1222953bd9be2bd439700e48795a2aae4c0f97fe,10
0x11b25ee983725ab4bc4009390ceb865f2cdd1736,10
0x56ad0e58c52cc1a385e51fba1e25ffe461b83b0b,10
0x4e46d8107524e0054b364fc643a8f67acd3fdf3d,10
0x9d243dc0c115ddbdf87faca68a840efc958e8e5f,10
0x46f9c138c94871b629801c9f2ff46619ee200330,10
0x820f5b89fbe3e4dc255e5a4450fc583b5372073e,10
0xf5e09f13e7bd57caebbb834d6622786816f7d29c,10
0x0fcb7c479ce1217c598baa751de10f44200199ae,10
0xa2d029ea5390f530db84f207cdec734c76398834,10
0xb2dff4a89e6e53ad8589a408b44d70e37b413628,10
0xe65e61e5f7752247aa7be55c13c4ae9f1b3ce937,10
0x19aa52de2b0495ddc1c7ed84fdfadda7c8725365,10
0x69efb2885ac1eb4688bb143bedb049b99f4cd977,10
0x123257bad3f9a66bf013411b70c74ee5a79661c2,10
0xca0aa534cfe1c68aebabc5d25de59aa3503b57f9,10
0xf6b7e9298a2d8ac634e2c57d16ebaf2f988fdefb,10
0xe7b38be7b41562fabc7285d337dbb81e295945c5,10
0x735b25a8a714ea90df91ff046e12d5099e37caea,10
0x5546930be8fa98772377e4a11615f3bdb344245c,10
0xcbb39e913295d0e82547130c03a17b5aadbc2fa0,10
0x1d4e99380e29e8f80663b9d5eccb2d419273d7e9,10
0x3d629f921bb44cf2aa83968dfaebd346f3bfbf2f,10
0xcfc48392bbe2580962276cb0ca0cb0e7c36acd83,10
0x941dd94f7640d37d56b4094022a76b9652f8c783,10
0x3b07d15755cb6586348d9ebd7a8dd9549968a878,10
0xfc59f8efa654b4c4ba84a74f1d9733f8d0cf4a31,10
0x9aaefb9866598ef2642f491526dbebbb5440c9ce,10
0x0a2228dcd112fb715f192787b2526f7b7bafda30,10
0x07513f70e197d09136ea3041fce45e33a7e19eee,10
0x9c02305c9b9d12dfa9cb6a46a39ba07948ef9752,10
0x017f2c24f17bc0538cc2b62d6f482358ae61ac4e,10
0xb9dacb69a9ff7eb7584b158042231221f91c1aa2,10
0xd4fc307ddedc5a3bc7ddac5ba42f0fe122e18811,10
0xb9245d2ba2ad714bdd634325fbf626987117a794,10
0x96aca9e3e19b51dee976f57b11e89e129dc8f1b5,10
0x674bb9de24b6eef5d000b28ee5dc8b4e4b866ba7,10
0x2afd89e6e6a76a00ed34f2f9def4779236bee4bd,10
0x7a26320bd6bf6a1e75a809764becfb333b6adca2,10
0x47c2a5c9f731f28c6c998eda605c1486849388a3,10
0xd86269d38ab669a10078e447df975a978f28c4d7,10
0x699990a8e7ada9e92c932d6e8fb365024fc74b43,10
0x0d48996805e9132cfa185b5bde63d348b5b8d916,10
0xd55d67bef57770808bb56e62f57f1704d0112cb8,10
0xa23c7317643d0cb7777da8d8fd335169f770bc84,10
0xd70da949715397ed3884a6ca2f9413e05b21cf1c,10
0xbc0c4bec936eac15065f80a69f1d46fb846f1ac4,10
0x11595ebcc22d0a87d4a9f08a23809df5b251064c,10
0x775ebb78ebb7bcc6c495f6b53cee2c0787a92055,10
0x3d04d4ebfe3abcebf2696ce27f8a03c6e9e4312d,10
0x8889fba741f96ca286251f8abd6b4ba21de4942b,10
0xed46739f67690ee7b70a2a8027b79dc881e52ad6,10
0x3e15ab510a25a1cbf8c5d27d61653ab9cd1a7624,10
0xa2155d909fc1c04df624331bab78f9b5cfe0435d,10
0xd1ee1cd7c1d6d573847490956fe1358ee2e2003b,10
0x256083ee5213fe3fbf67a59ca8a7ec50550bcf12,10
0x2cc1549bc9ddb2633cc94e6e9021accb806add70,10
0xf664950060e233bdb50281e48ef4fee8ec6e8d7d,10
0x46f88f41154a4a29abca0c1fb8e3008a14db1a80,10
0xe44bacb974f5eb3d9abd89d37c4d03de60e66d95,10
0x7bc63f114f50a232fb2f130a93331f93ec5937da,10
0x0e08385615d0b3582994c5ade00a08844edcd477,10
0x948757d9dea309d0989ac8c2f72bdb4322552f13,10
0xcf21d0ccc9723318aca8b6d1d9a67acce883e813,10
0x181df51e7188bdff07b6193e0c89c774c58a6246,10
0x5541370e477c1945beb83d17f12dca02bcb76d62,10
0xf69986e27e8a4151c9a661dc02e9f08890ed342d,10
0xb05f55b1b23f0ba7787d6ce03ca7b094628bd79c,10
0x073cc58ddf522cae5cf74699c30a9543c7497ea7,10
0x4422ae0c09d7c9a61a044e4a201cbb211f295e88,10
0x1dced8eba92ec7eed9342e21f1addf50e1f6f85d,10
0x54702596756fa9c6cb24ebf52e47c835358ef0d0,10
0xa6696183ca5cfdb34ebc9ead62bec8850d2287b6,10
0x90dda901c4d73d47d3fef4054e8d3310386f7278,10
0x43fe0c44b09c62c3e8eba07e27188939706d35f0,10
0x09e0a62e8d389763565946f401b9ca86ec722c64,10
0xfc94adbc21899348dc86619e487a9df2a813fefd,10
0x20fc272e93baa62bf46247b2ef71e79fdb2ecfd1,10
0xa458880cd88d91b859f1c5aa0e3327b4b939fb83,10
0x037d6b8d861fb8e2c68cc2bac11f88a0326c7cb8,10
0x55d943bd10fa134fce3e487973938a0c45213da6,10
0x315d64201551f78d5a5b1ec946c50b004ac6528c,10
0x85170a4c1d6f5d45f325ab892bd1ea04bcf928a7,10
0x229c62b31f2a04f2d6e1ad28ceac53ec0adb266a,10
0x987d7cbe8dc7cb33c37a128eec15a3e9b6e29d8b,10
0x763f8abb36e564bcf5451e6a60d4c0af27c5a24f,10
0x64d135e51dd2dfb56b8ab8c019be18ab4e34be7f,10
0x291e2c7c5f315e69ff1dff6496597ae90ac14dc5,10
0xa211ca1301dd2019829e9cd86bc82b1499aba0b5,10
0x871b46a1ec99b31b0fa0f8b53eb3963ece270582,10
0xb87b8d19122c9a24dca3b933e8fc86bb97a66c2f,10
0xee5eec9d4ea9224496603afe783005111b0a292c,10
0xad2dd4f876521097a6f70b5a5c399014d4df706e,10
0x049c210e9729644edae59e3de0b86107a5cb183f,10
0xa51f09402c8f01c08a2ca2a56291d9937d611c4f,10
0x05816862b3126587c67c73e7afcc4dcabc95948e,10
0xc9686ed73f4633a4092593c0266db1d02714f98e,10
0xad83a713f3ba0ea5fd0b8df08f4bb51381c354e1,10
0xaa87ecbaaf4f20a55ff754b425eb70235901e2b8,10
0x570fe84a87713349bc76e05a85cccad228cee848,10
0x9e813d0ddf2dc20de5c63874b74eba6de817de4b,10
0xb820ecb3dd008b4edf30e62638de7a648004b0a9,10
0x06183fe2148edf297effc8b9cb6c7c9350aa7858,10
0xff92cd267f46652bdb09aa35b592b33ddb59aa84,10
0x126c0eff55e9aa4d57bef94291b63720c1c2714b,10
0xd945aa09da3a295e1328860ac374d29d5ad0f46e,10
0x33a2e36b4c5d6372a0f5c2679315995761b47194,10
0x168ae827a3e442252a29dede786775139267c7d7,10
0xa77584c4e30bf7c93c2ee746ad94f13411e6d6e6,10
0x86a62675b519474e9c22eb55707a0b467b067f19,10
0x7cb31571a0c48af37dc32aa84807739457408069,10
0x4daf20f82535290477664c0496d7bc50c34a9b18,10
0xd0d165b9451e82b6964e29248bc46f4a6e2ba63b,10
0x82a32719b0f33ec670395a48185af6cb71c8f565,10
0xd0059aabf75ec005f49e2ddae7c415c492fd85ea,10
0x146790d2d3dd9bce0765e25433ada024c26bbc8e,10
0x926f87053ff90312d030cd5745efce7f9f50ba0c,10
0x64aba5a14b9da348ea82e88df122aee088aa3d27,10
0x383c9c303b3f9cae1beffd4e0ae27171986b933f,10
0x11f2403601238bd7185f72947da46b7ddf7cf9b4,10
0x720bfba9de0663400ff765f5523037674b36a0ac,10
0xd26808718a9ea9ed39628f46f881ca1ace80f082,10
0x52de5c398ecd0d9401953031d1c89c5d32f9c58c,10
0xf3f2196752ec06f95504587da0ed6487da514244,10
0x798f0b99105665cd57a02aad02554c61bf685b58,10
0x48459f44879fdfd695ff11e23c3b0d15a526ac4d,10
0x3a8fae07d50a60933be2e834340506a0ea204b40,10
0x229c0b83c576944c09d137b2ff4972cc5fbf9f32,10
0x258b9ea1296a1dfcdc789eef1f4745e38c8d64ed,10
0x08403a64241621b14c14e7940e0bb6577d6669c4,10
0x427dc9b7803053afb9652200d6c6481d9ecbaaed,10
0xf017862953e92188c0e0044c0f9aa617140bdab0,10
0xb999d163469d2915eecb25f9c4ab989e110d153f,10
0x3d7490e32eb887ff14173963b1ca804d23520794,10
0x12c893d8495f0b1455467c26757b24dd27823601,10
0x5a2acca22fa514cb0e8a4d546de5ebc117078869,10
0xbbb589c7d0f5bd01dfc1da17f3300a8124b3b0eb,10
0x7d4c4d5380ca2f9c7a091bb622b80613da7eae8c,10
0x26f3cd4cd334574c5183d70ee9e94f73112964f0,10
0xdc324c940d33802044c4ff046473914e2f8335a8,10
0xf8b6a3b281af54c929f9ffb63c5755cb85c42553,10
0xaf62e2589118144c9b96c15077cf620410797bb6,10
0x02ced082f91ccc653b217ab18bae99fde81a792f,10
0x6ef4d20dbb96ce170d7c2c79760ca2de607bd249,10
0x92bc843af3a64449d9a75557fc42223577a9ac4f,10
0x39cc9c86e67baf2129b80fe3414c397492ea8026,10
0xf7c2c336d0b8d40e4091f561d9d53f9e38bea00d,10
0xd013c60c31cb6c032c48a863094b6acaae64044b,10
0x5c18df45bd5615d261441cc101843b0ed10ce771,10
0xa31ee7f83146b9e8d75e604857d69fcab6824014,10
0xde4ef9191e310e6a9017307e6c9553a073258c48,10
0x7c97b5e780d0b2b5a2bcb36c8790ade9c6523682,10
0x2b10a201e7a2849f883723afa40ef160787789fc,10
0x50212897cd13c39ffd6dc4adbe7d25a9c15654c3,10
0x7ca183ceaa3ebf4943d9d2e363bce15b50d857bc,10
0xfd2c360686ca28c60925db2665f6b41b5470f82e,10
0xde95c367595609c852cfbecebf2a8eefe7bdd1ce,10
0x23cda4b4e070506d71228f1000d7f41045c10aba,10
0xb435f8b7948563b8f1e65f0731d29745567bd7f0,10
0x8a0fe3e596477d81a5822332ecacbe0a95770978,10
0x2d02c96862e7328647097fc3eeabae93972655fd,10
0x3c7dce1428cfaa2ac1166d13f4933f2b20da0817,10
0x9c7f34e2ed5ac61be352b7aa4df41687dd092658,10
0xffc8b21828efd4b93c326d58fe961c0b2a7ebcaf,10
0x30da5fe31959a91b5377e7f6f01534c9f765efb7,10
0x5e97e0b9fa02c9bfc508125d1444c4001472bad8,10
0x76ba429b46a179b1ac6289898c252c792c6a2d03,10
0x065e23be7f78cf3340097459f0352dde2a23dd0d,10
0xb137beeaaeab21e0ad7b8bb1170f579659f06ac5,10
0x22a4a8a926d8ddb666870aa7d232ca708dd9e5a3,10
0xa98b860bb8806fbec5482bde435216288be5372b,10
0x181f14f0fde7b07afb05699fdba33613a623e3ad,10
0x17742e87e184a64558e45d11e7d0f35d867d6c7f,10
0x29beac57ed3ffe9aefa6f17c14199ccc80651610,10
0xb3e063e310259d551323d6e15ac60cf1344afcef,10
0xbb86095959840c4dedf3adbb4d292d8e01b31acc,10
0x57b8640f1a83b3f03892fab7b63bf66624848487,10
0xa345f42043bd2ae3ea33debb2c4f498480dfdfa7,10
0xc543330faaea16cf42d2973658e0036285b2ee25,10
0x4077ee36fb3f26fb101b59a36855f31bcf369813,10
0xc2ddbb8bff1311ca3262b99dca25e666068403c7,10
0x37d91c7654926944426251b9b314565a3ce2ddea,10
0xf85ee427c07e7fd649889f5e897eca68dcf2f6bd,10
0xbc3822e65762834123d55eff834d2f942114f620,10
0xf0065d2bc78e413afa28b5f85a6361d35810386a,10
0x2f2528a432bf0a06c76cb86e82f290273380ebc8,10
0x4fb78c01981a971eb941bbd9bcfd44fbd5a5ac7a,10
0x415b973d4e9ff47bbbc20ef5037f0b47eeba4136,10
0xb440e84fd91bbf1a675ccb4548dab7a0ce58f1ac,10
0xbf4b94e48fd82035f1c7ed5df464d679902b46b7,10
0x9b9844470c7a3cc26aaec1596777ddc3e7888161,10
0x3d75ae7f45e81eca73c5ca8fecc49258ea4c1530,10
0xfd208de98cc5b8c4e9050a3acc8d354707d03db6,10
0xb44d1169d24a0b13db823e98f0d59db62ea65da4,10
0x9f663a25556c2eb5f2712f14442a243e8cbf2990,10
0x78286778d046070d2a06993af19dae24a4cfc02e,10
0x72d6a2531ab8e4afbbb7552a013cabc28195d06f,10
0x6cfaec15597aed054126c7574059cf3a003cec25,10
0xa1598e30d68088c51ca1f2e7b6d55227fae80fa9,10
0x0d6ca2e9639ef37947f309112b365ef1ec524110,10